[{
	"event_id":"100",
	"event_name":"EVENT",
	"start_date":"07-02-2018",
	"end_date":"07-05-2018",
	"event_description":"Reactathon for Verizon",
	"technologies":"React JS,Node JS",
	"problem_statements":["Statement_1","Statement_2"],
	"attachments":["att1.jpeg","att2.jpeg"],
	"event_type": "hackathon",
	"event_link": "",
	"judge":["mahesh@verizon.com","vinay@verizon.com"]
},
{
	"event_id":"101",
	"event_name":"EVENT1",
	"start_date":"08-02-2018",
	"end_date":"08-05-2018",
	"event_description":"Hackathon 1",
	"technologies":"React JS,Node JS",
	"problem_statements":["Statement_1","Statement_2"],
	"attachments":["att1.jpeg","att2.jpeg"],
	"event_type": "hackathon",
	"event_link": "",
	"judge":[]
},
{
	"event_id":"102",
	"event_name":"EVENT2",
	"start_date":"09-02-2018",
	"end_date":"09-05-2018",
	"event_description":"Hackathon 2",
	"technologies":"React JS,Node JS",
	"problem_statements":["Statement_1","Statement_2"],
	"attachments":["att1.jpeg","att2.jpeg"],
	"event_type": "hackathon",
	"event_link": "",
	"judge":[]
},
{
	"event_id":"103",
	"event_name":"EVENT3",
	"start_date":"12-02-2018",
	"end_date":"12-05-2018",
	"event_description":"Diversity Premier League",
	"technologies":"",
	"problem_statements":[],
	"attachments":["att1.jpeg","att2.jpeg"],
	"event_type": "fun",
	"event_link": "",
	"judge":[]
},
{
	"event_id":"104",
	"event_name":"AWS Hackathon - Techgig Online",
	"start_date":"04-03-2018",
	"end_date":"04-06-2018",
	"event_description":"AWS Hackathon - Techgig Online",
	"technologies":"AWS, ",
	"problem_statements":["problem statement 1","Problem Statement 2"],
	"attachments":["att1.jpeg","att2.jpeg"],
	"event_type": "Hackathon",
	"event_link": "",
	"judge":[]
},
{
	"event_id":"105",
	"event_name":"Cloud Day Hackathon",
	"start_date":"02-12-2018",
	"end_date":"02-16-2018",
	"event_description":"Cloud Day Hackathon",
	"technologies":"AWS, ",
	"problem_statements":["problem statement 1","Problem Statement 2"],
	"attachments":["att1.jpeg","att2.jpeg"],
	"event_type": "Hackathon",
	"event_link": "",
	"judge":[]
},
{
	"event_id":"106",
	"event_name":"SecurityFix Hackathon - N&T",
	"start_date":"12-08-2017",
	"end_date":"12-12-2017",
	"event_description":"SecurityFix Hackathon - N&T",
	"technologies":"Fortify, Any other technologies ",
	"problem_statements":["problem statement 1","Problem Statement 2"],
	"attachments":["att1.jpeg","att2.jpeg"],
	"event_type": "Hackathon",
	"event_link": "",
	"judge":[]
},
{
	"event_id":"107",
	"event_name":"VZ-Quiz with Quick Buzz",
	"start_date":"12-20-2017",
	"end_date":"12-20-2017",
	"event_description":"VZ-Quiz with Quick Buzz",
	"technologies":"Network & Telecommunications Business knowledge",
	"problem_statements":["problem statement 1","Problem Statement 2"],
	"attachments":["att1.jpeg","att2.jpeg"],
	"event_type": "Quiz",
	"event_link": "",
	"judge":[]
},
{
	"event_id":"108",
	"event_name":"Hackathon on Machine Learning",
	"start_date":"11-23-2017",
	"end_date":"11-26-2017",
	"event_description":"Hackathon on Machine Learning",
	"technologies":"AI and any other JS Frameworks",
	"problem_statements":["problem statement 1","Problem Statement 2"],
	"attachments":["att1.jpeg","att2.jpeg"],
	"event_type": "Hackathon",
	"event_link": "",
	"judge":[]
},
{
	"event_id":"109",
	"event_name":"Verizon Cyber Hackathon",
	"start_date":"06-23-2018",
	"end_date":"06-26-2018",
	"event_description":"Verizon Cyber Hackathon",
	"technologies":"Verizon Cyber Hackathon",
	"problem_statements":["problem statement 1","Problem Statement 2"],
	"attachments":["att1.jpeg","att2.jpeg"],
	"event_type": "Hackathon",
	"event_link": "",
	"judge":[]
},
{
	"event_id":"110",
	"event_name":"Speedathon",
	"start_date":"01-18-2018",
	"end_date":"01-21-2018",
	"event_description":"Speedathon",
	"technologies":"Verizon Cyber Hackathon",
	"problem_statements":["problem statement 1","Problem Statement 2"],
	"attachments":["att1.jpeg","att2.jpeg"],
	"event_type": "Hackathon",
	"event_link": "",
	"judge":[]
},
{
	"event_id":"111",
	"event_name":"Global IT BrownBag: Google Enhancements",
	"start_date":"07-05-2018",
	"end_date":"07-05-2018",
	"event_description":"Global IT BrownBag: Google Enhancements",
	"technologies":"Google Technologies",
	"problem_statements":[],
	"attachments":["att1.jpeg","att2.jpeg"],
	"event_type": "Brownbag",
	"event_link": "https://mymeetings.com/inc/join.php?i=RWXW&00944=7473454&t=c",
	"judge":[]
},
{
	"event_id":"112",
	"event_name":"Global IT BrownBag: AI/Deep Learning- Technical Deep Dive",
	"start_date":"06-14-2018",
	"end_date":"06-14-2018",
	"event_description":"Global IT BrownBag: AI/Deep Learning- Technical Deep Dive",
	"technologies":"Meachine Learning",
	"problem_statements":[],
	"attachments":["att1.jpeg","att2.jpeg"],
	"event_type": "Brownbag",
	"event_link": "https://mymeetings.com/inc/join.php?i=RWXW&00944=7473454&t=c",
	"judge":[]
},
{
	"event_id":"113",
	"event_name":"Global IT BrownBag: Cyber Warfare",
	"start_date":"06-07-2018",
	"end_date":"06-07-2018",
	"event_description":"Global IT BrownBag: Cyber Warfare",
	"technologies":"Python",
	"problem_statements":[],
	"attachments":["att1.jpeg","att2.jpeg"],
	"event_type": "Brownbag",
	"event_link": "https://mymeetings.com/inc/join.php?i=RWXW&00944=7473454&t=c",
	"judge":[]
},
{
	"event_id":"114",
	"event_name":"Brown bag on Intelligent Edge Network",
	"start_date":"05-30-2018",
	"end_date":"05-30-2018",
	"event_description":"Brown bag on Intelligent Edge Network",
	"technologies":"Python",
	"problem_statements":[],
	"attachments":["att1.jpeg","att2.jpeg"],
	"event_type": "Brownbag",
	"event_link": "https://mymeetings.com/inc/join.php?i=RWXW&00944=7473454&t=c",
	"judge":[]
},
{
	"event_id":"115",
	"event_name":"Global IT BrownBag: Introduction to Block Chain Technology",
	"start_date":"05-17-2018",
	"end_date":"05-17-2018",
	"event_description":"Global IT BrownBag: Introduction to Block Chain Technology",
	"technologies":"Block chain",
	"problem_statements":[],
	"attachments":["att1.jpeg","att2.jpeg"],
	"event_type": "Brownbag",
	"event_link": "https://mymeetings.com/inc/join.php?i=RWXW&00944=7473454&t=c",
	"judge":[]
},
{
	"event_id":"116",
	"event_name":"Global IT BrownBag: VZF3 or Verizon Reactive Framework",
	"start_date":"04-26-2018",
	"end_date":"04-26-2018",
	"event_description":"Global IT BrownBag: VZF3 or Verizon Reactive Framework",
	"technologies":"React JS",
	"problem_statements":[],
	"attachments":["att1.jpeg","att2.jpeg"],
	"event_type": "Brownbag",
	"event_link": "https://mymeetings.com/inc/join.php?i=RWXW&00944=7473454&t=c",
	"judge":[]
},
{
	"event_id":"117",
	"event_name":"Global IT BrownBag: Chatbots",
	"start_date":"04-19-2018",
	"end_date":"04-19-2018",
	"event_description":"Global IT BrownBag: Chatbots",
	"technologies":"React JS",
	"problem_statements":[],
	"attachments":["att1.jpeg","att2.jpeg"],
	"event_type": "Brownbag",
	"event_link": "https://mymeetings.com/inc/join.php?i=RWXW&00944=7473454&t=c",
	"judge":[]
},
{
	"event_id":"118",
	"event_name":"Global IT BrownBag: Understanding Machine Learning",
	"start_date":"04-10-2017",
	"end_date":"04-10-2017",
	"event_description":"Global IT BrownBag: Understanding Machine Learning",
	"technologies":"Machine Learning",
	"problem_statements":[],
	"attachments":["att1.jpeg","att2.jpeg"],
	"event_type": "Brownbag",
	"event_link": "https://mymeetings.com/inc/join.php?i=RWXW&00944=7473454&t=c",
	"judge":[]
},
{
	"event_id":"119",
	"event_name":"Global IT BrownBag: Robotica Process Automation",
	"start_date":"02-10-2017",
	"end_date":"02-10-2017",
	"event_description":"Global IT BrownBag: Robotica Process Automation",
	"technologies":"Robotics",
	"problem_statements":[],
	"attachments":["att1.jpeg","att2.jpeg"],
	"event_type": "Brownbag",
	"event_link": "https://mymeetings.com/inc/join.php?i=RWXW&00944=7473454&t=c",
	"judge":[]
},
{
	"event_id":"119",
	"event_name":"Global IT BrownBag: Cognitive Computing & AI",
	"start_date":"02-10-2017",
	"end_date":"02-10-2017",
	"event_description":"Global IT BrownBag: Cognitive Computing & AI",
	"technologies":"Robotics",
	"problem_statements":[],
	"attachments":["att1.jpeg","att2.jpeg"],
	"event_type": "Brownbag",
	"event_link": "https://mymeetings.com/inc/join.php?i=RWXW&00944=7473454&t=c",
	"judge":[]
},
{
	"event_id":"119",
	"event_name":"Global IT BrownBag: Angular And Bootstrap",
	"start_date":"08-10-2018",
	"end_date":"08-10-2018",
	"event_description":"Global IT BrownBag: Cognitive Computing & AI",
	"technologies":"Robotics",
	"problem_statements":[],
	"attachments":["att1.jpeg","att2.jpeg"],
	"event_type": "Brownbag",
	"event_link": "https://mymeetings.com/inc/join.php?i=RWXW&00944=7473454&t=c",
	"judge":[]
}
]