{
  "authenticate": {
    "token": "some-unique-token"
  },
  "jobs":[
    {
      "id": 1,
      "jobid": "rrdeveloper",
      "jobtitle": "React and Redux developer",
      "description": "We need React and Redux developer for contract postion",
      "skills": ["React JS", "NoSql","HTML5","Bootstrap"],
      "experience": "2 to 4 years",
      "education": "B.Tech (CSE) or equivalent degree",
      "state":"Hyderabad, IN"    
    },
    {
      "id": 1,
      "jobid": "ajdeveloper",
      "jobtitle": "Angular JS developer",
      "description": "We need Angular JS developer for permanent postion",
      "skills": ["Angular JS", "NoSql","HTML5","Bootstrap"],
      "experience": "2 to 4 years",
      "education": "B.Tech (CSE) or equivalent degree",
      "state":"Chennai, IN"       
    }
  ],
  "user": [
    {
      "id": 1,
      "username": "admin",
      "usertype": "emp",
      "inputPassword": "test",
      "confPass": "test",
      "phonenumber": "9492114987",
      "email": "sada@gmail.com"
    },
    {
      "usertype": "user",
      "username": "Sadashivudu Balabhadra",
      "inputPassword": "Welcome",
      "confPass": "Welcome",
      "phonenumber": "9492114987",
      "email": "sbalabadra@gmail.com",
      "id": 2
    },
    {
      "usertype": "emp",
      "username": "Siva",
      "inputPassword": "siva@123",
      "confPass": "siva@123",
      "phonenumber": "9550234567",
      "email": "siva@gmail.com",
      "id": 3
    }
  ]
}